,AT,V,AP,RH,PE
count,9568.0,9568.0,9568.0,9568.0,9568.0
mean,19.65123118729102,54.30580372073601,1013.2590781772603,73.30897784280926,454.3650094063554
std,7.452473229611089,12.707892998326871,5.938783705811591,14.60026875672893,17.066994999803423
min,1.81,25.36,992.89,25.56,420.26
25%,13.51,41.74,1009.1,63.3275,439.75
50%,20.345,52.08,1012.94,74.975,451.54999999999995
75%,25.72,66.54,1017.26,84.83,468.43
max,37.11,81.56,1033.3,100.16,495.76
